data_time,message
2024-04-02 10:25:15,"{""Temperature"":28.97,""Vibration"":{""RMS"":{""X"":40},""Kurtosis"":{""X"":211},""P2P"":{""X"":2},""Z2P"":{""X"":1}},""Timestamp"":1712013913,""SensorNodeId"":""13e5a6f7"",""SourceAddress"":""16230115"",""GatewayId"":""8fdeec5a"",""MeasDetails"":{""FftSize"":4096,""FftWindow"":1,""G-range"":4,""Precision"":1,""BinSize"":1000,""ValueOffset"":0,""Trigger"":1,""Id"":186},""Type"":""scalar""}"
2024-04-02 10:25:15,"{""SensorNodeId"":""13e5a6f7"",""Timestamp"":1712013913,""GatewayId"":""8fdeec5a"",""SourceAddress"":""16230115"",""BurstDetails"":{""DataType"":19,""MeasurementTimeInterval"":152,""BurstId"":9,""ValueMapping"":3},""MeasDetails"":{""Id"":186},""Type"":""scalar""}"
2024-04-02 10:25:15,"{""FragCount"":0,""ValueMapping"":3,""DataType"":19,""BurstId"":9,""SensorNodeId"":""13e5a6f7"",""Values"":[7,0,-7,10,-4,-6,0,1,-1,0,0,0,0,0,0,0,0,0,0,0,0,0,0,0,0,23,-23,22,-22,0,0,0,0,0,0,0,0,0,0,0,0,0,0,0,0,0,0,0,0,0,0,7,-7,0,0,0,0,0,0,0,0,0,0,0,0,0,0,0,0,0,0,0,0,0,0,0,0,0,0,0,0,0,0,0,0,0,0,0,0,0,0,0,0,0,0,0,0,0,0],""GatewayId"":""8fdeec5a"",""BurstDataOffset"":0,""DataSize"":1002,""Type"":""burst"",""MeasurementId"":186,""MeasurementTimeInterval"":152}"
2024-04-02 10:25:16,"{""FragCount"":1,""ValueMapping"":3,""DataType"":19,""BurstId"":9,""SensorNodeId"":""13e5a6f7"",""Values"":[0,0,1,-1,0,0,0,0,0,0,0,0,0,0,0,0,0,0,0,0,0,0,0,0,0,0,0,0,0,0,0,0,0,0,0,0,0,0,0,0,0,0,0,0,0,0,0,0,0,0,0,0,0,0,0,0,0,0,0,0,0,0,0,0,0,0,0,0,0,0,0,0,0,0,0,0,0,0,0,0,0,0,0,0,0,0,0,0,0,0,0,0,0,0,0,0,0,0,0],""GatewayId"":""8fdeec5a"",""BurstDataOffset"":99,""DataSize"":1002,""Type"":""burst"",""MeasurementId"":186,""MeasurementTimeInterval"":152}"
2024-04-02 10:25:16,"{""FragCount"":2,""ValueMapping"":3,""DataType"":19,""BurstId"":9,""SensorNodeId"":""13e5a6f7"",""Values"":[0,0,0,0,0,0,0,0,0,0,0,0,0,0,0,0,0,0,0,0,0,0,0,0,0,0,0,0,0,0,0,0,0,0,0,0,0,0,0,0,0,0,0,0,0,0,0,0,0,0,0,0,0,0,0,0,0,0,0,0,0,0,0,0,0,0,0,0,0,0,0,0,0,0,0,0,0,0,0,0,0,0,0,0,0,0,0,0,0,0,0,0,0,0,0,0,0,0,0],""GatewayId"":""8fdeec5a"",""BurstDataOffset"":198,""DataSize"":1002,""Type"":""burst"",""MeasurementId"":186,""MeasurementTimeInterval"":152}"
2024-04-02 10:25:16,"{""FragCount"":3,""ValueMapping"":3,""DataType"":19,""BurstId"":9,""SensorNodeId"":""13e5a6f7"",""Values"":[0,0,0,0,10,-10,10,-10,0,0,0,0,0,0,0,0,0,0,0,0,0,0,0,0,0,0,0,0,0,0,0,0,0,0,0,0,0,0,0,0,0,0,0,0,0,0,0,0,0,0,0,0,0,0,0,0,0,0,0,0,0,0,0,0,0,0,0,0,0,2,-2,0,0,0,0,0,0,0,0,0,0,0,0,0,0,0,0,0,0,0,0,0,0,0,0,0,0,0,0],""GatewayId"":""8fdeec5a"",""BurstDataOffset"":297,""DataSize"":1002,""Type"":""burst"",""MeasurementId"":186,""MeasurementTimeInterval"":152}"
2024-04-02 10:25:17,"{""FragCount"":4,""ValueMapping"":3,""DataType"":19,""BurstId"":9,""SensorNodeId"":""13e5a6f7"",""Values"":[0,0,0,0,0,0,0,0,0,0,0,0,0,0,0,0,0,0,0,0,0,0,0,0,0,0,0,0,0,0,0,0,0,0,0,0,0,0,0,0,0,0,0,0,0,0,0,0,0,0,0,0,0,0,0,0,0,0,0,0,0,0,0,0,0,0,0,0,0,0,0,0,0,0,0,0,0,0,0,0,0,0,0,0,0,0,0,0,0,0,0,0,0,0,0,0,0,0,0],""GatewayId"":""8fdeec5a"",""BurstDataOffset"":396,""DataSize"":1002,""Type"":""burst"",""MeasurementId"":186,""MeasurementTimeInterval"":152}"
2024-04-02 10:25:17,"{""FragCount"":5,""ValueMapping"":3,""DataType"":19,""BurstId"":9,""SensorNodeId"":""13e5a6f7"",""Values"":[0,0,0,0,0,0,0,0,0,0,0,0,0,0,0,0,0,0,0,0,0,0,0,0,0,0,0,0,0,0,0,0,0,0,0,0,0,0,0,0,0,0,0,0,0,0,0,0,0,0,0,0,22,-22,37,-22,-15,0,0,0,0,0,0,0,0,0,0,0,0,0,0,0,0,0,0,0,1,-1,18,-4,-14,0,0,0,0,0,0,0,0,0,0,0,0,0,0,0,0,0,0],""GatewayId"":""8fdeec5a"",""BurstDataOffset"":495,""DataSize"":1002,""Type"":""burst"",""MeasurementId"":186,""MeasurementTimeInterval"":152}"
2024-04-02 10:25:18,"{""FragCount"":6,""ValueMapping"":3,""DataType"":19,""BurstId"":9,""SensorNodeId"":""13e5a6f7"",""Values"":[0,0,0,0,0,0,0,0,0,0,0,0,0,0,0,0,0,0,0,0,0,0,0,0,0,0,0,0,0,6,6,-12,3,-3,0,0,0,0,0,0,0,0,0,0,0,0,0,0,0,0,0,0,0,4,16,-20,17,-17,0,0,0,0,0,0,0,0,0,0,0,0,0,0,0,0,0,0,0,0,0,0,0,0,0,0,0,0,0,0,0,0,0,0,0,0,0,0,0,0,0],""GatewayId"":""8fdeec5a"",""BurstDataOffset"":594,""DataSize"":1002,""Type"":""burst"",""MeasurementId"":186,""MeasurementTimeInterval"":152}"
2024-04-02 10:25:18,"{""FragCount"":7,""ValueMapping"":3,""DataType"":19,""BurstId"":9,""SensorNodeId"":""13e5a6f7"",""Values"":[0,0,0,0,0,0,0,0,0,0,0,0,0,0,0,0,0,0,0,0,0,0,0,0,0,0,0,0,0,0,0,0,0,0,0,0,0,0,0,0,0,0,0,0,0,0,0,0,0,0,0,0,0,0,0,0,0,0,0,0,0,0,0,0,0,0,0,0,0,0,0,0,0,0,0,0,0,0,0,0,0,0,0,0,0,0,0,0,0,0,0,0,0,0,0,0,0,0,0],""GatewayId"":""8fdeec5a"",""BurstDataOffset"":693,""DataSize"":1002,""Type"":""burst"",""MeasurementId"":186,""MeasurementTimeInterval"":152}"
2024-04-02 10:25:18,"{""FragCount"":8,""ValueMapping"":3,""DataType"":19,""BurstId"":9,""SensorNodeId"":""13e5a6f7"",""Values"":[0,0,0,0,0,0,0,0,0,0,0,0,0,0,0,0,0,0,0,0,0,0,0,0,0,0,0,0,0,0,0,0,0,0,0,0,0,0,0,0,0,0,0,0,0,0,0,0,0,0,0,0,0,0,0,0,0,0,0,0,0,0,0,0,0,0,0,0,0,0,0,0,0,0,0,0,0,0,0,0,0,0,0,0,0,0,0,0,0,0,0,0,0,0,0,0,0,0,0],""GatewayId"":""8fdeec5a"",""BurstDataOffset"":792,""DataSize"":1002,""Type"":""burst"",""MeasurementId"":186,""MeasurementTimeInterval"":152}"
2024-04-02 10:25:19,"{""FragCount"":9,""ValueMapping"":3,""DataType"":19,""BurstId"":9,""SensorNodeId"":""13e5a6f7"",""Values"":[0,0,0,0,0,0,0,0,0,0,0,0,0,0,0,0,0,0,0,0,0,0,0,0,0,0,0,0,0,0,0,0,0,0,0,0,0,0,0,0,0,0,0,0,0,0,0,0,0,0,0,0,0,0,0,0,0,0,0,0,0,0,0,0,0,0,0,0,0,0,0,0,0,0,0,0,0,0,0,0,0,0,0,0,0,0,0,0,0,0,0,0,0,0,0,0,0,0,0],""GatewayId"":""8fdeec5a"",""BurstDataOffset"":891,""DataSize"":1002,""Type"":""burst"",""MeasurementId"":186,""MeasurementTimeInterval"":152}"
2024-04-02 10:25:19,"{""FragCount"":10,""ValueMapping"":3,""DataType"":19,""BurstId"":9,""SensorNodeId"":""13e5a6f7"",""Values"":[0,0,0,0,0,0,0,0,0,0,0,0],""GatewayId"":""8fdeec5a"",""BurstDataOffset"":990,""DataSize"":1002,""Type"":""burst"",""MeasurementId"":186,""MeasurementTimeInterval"":152}"
2024-04-02 10:25:20,"{""SourceAddress"":""16230115"",""SensorNodeId"":""13e5a6f7"",""Timestamp"":1712013917,""GatewayId"":""8fdeec5a"",""MeasDetails"":{""Id"":186},""Type"":""scalar""}"
2024-04-02 10:25:21,"{""Type"":""scalar"",""Vibration"":{""RMS"":{""Y"":73},""Kurtosis"":{""Y"":208},""P2P"":{""Y"":4},""Z2P"":{""Y"":2}},""Timestamp"":1712013919,""SensorNodeId"":""13e5a6f7"",""GatewayId"":""8fdeec5a"",""MeasDetails"":{""Id"":186},""SourceAddress"":""16230115""}"
2024-04-02 10:25:21,"{""SensorNodeId"":""13e5a6f7"",""Timestamp"":1712013919,""GatewayId"":""8fdeec5a"",""SourceAddress"":""16230115"",""BurstDetails"":{""DataType"":19,""MeasurementTimeInterval"":152,""BurstId"":10,""ValueMapping"":4},""MeasDetails"":{""Id"":186},""Type"":""scalar""}"
2024-04-02 10:25:21,"{""FragCount"":0,""ValueMapping"":4,""DataType"":19,""BurstId"":10,""SensorNodeId"":""13e5a6f7"",""Values"":[6,0,-6,7,-3,-4,0,0,0,0,0,0,0,0,0,0,0,0,0,0,0,0,0,0,0,0,0,0,0,0,0,0,0,0,0,0,0,0,0,0,0,0,0,0,0,0,0,0,0,0,0,0,0,0,0,0,0,0,0,0,0,0,0,0,0,0,0,0,0,0,0,0,0,0,0,0,0,0,0,0,0,0,0,0,0,0,0,0,0,0,0,0,0,0,0,0,0,0,0],""GatewayId"":""8fdeec5a"",""BurstDataOffset"":0,""DataSize"":1002,""Type"":""burst"",""MeasurementId"":186,""MeasurementTimeInterval"":152}"
2024-04-02 10:25:22,"{""FragCount"":1,""ValueMapping"":4,""DataType"":19,""BurstId"":10,""SensorNodeId"":""13e5a6f7"",""Values"":[0,0,0,0,0,0,0,0,0,0,0,0,0,0,0,0,0,0,0,0,0,0,0,0,0,0,0,0,0,0,0,0,0,0,0,0,0,0,0,0,0,0,0,0,0,0,0,0,0,0,0,0,0,0,0,0,0,0,0,0,0,0,0,0,0,0,0,0,0,0,0,0,0,0,0,0,0,0,0,0,0,0,0,0,0,0,0,0,0,0,0,0,0,0,0,0,0,0,0],""GatewayId"":""8fdeec5a"",""BurstDataOffset"":99,""DataSize"":1002,""Type"":""burst"",""MeasurementId"":186,""MeasurementTimeInterval"":152}"
2024-04-02 10:25:22,"{""FragCount"":2,""ValueMapping"":4,""DataType"":19,""BurstId"":10,""SensorNodeId"":""13e5a6f7"",""Values"":[0,0,0,0,0,0,0,0,0,0,0,0,0,0,0,0,0,0,0,0,0,0,0,0,0,0,0,0,0,0,0,0,0,0,0,0,0,0,0,0,0,0,0,0,0,0,0,0,0,0,0,0,0,0,0,0,0,0,0,0,0,0,0,0,0,0,0,0,0,0,0,0,0,0,0,0,0,0,0,0,0,0,0,0,0,0,0,0,0,0,0,0,0,0,0,0,0,0,0],""GatewayId"":""8fdeec5a"",""BurstDataOffset"":198,""DataSize"":1002,""Type"":""burst"",""MeasurementId"":186,""MeasurementTimeInterval"":152}"
2024-04-02 10:25:22,"{""FragCount"":3,""ValueMapping"":4,""DataType"":19,""BurstId"":10,""SensorNodeId"":""13e5a6f7"",""Values"":[0,0,0,0,8,-8,9,-9,0,0,0,0,0,0,0,0,0,0,0,0,0,0,0,0,0,0,0,0,0,0,0,0,0,0,0,0,0,0,0,0,0,0,0,0,0,0,0,0,0,0,0,0,0,0,0,0,0,0,0,0,0,0,0,0,0,0,0,0,0,0,0,0,0,0,0,0,0,0,0,0,0,0,0,0,0,0,0,0,0,0,0,0,0,0,0,0,0,0,0],""GatewayId"":""8fdeec5a"",""BurstDataOffset"":297,""DataSize"":1002,""Type"":""burst"",""MeasurementId"":186,""MeasurementTimeInterval"":152}"
2024-04-02 10:25:23,"{""FragCount"":4,""ValueMapping"":4,""DataType"":19,""BurstId"":10,""SensorNodeId"":""13e5a6f7"",""Values"":[0,0,0,0,0,0,0,0,0,0,0,0,0,0,0,0,0,0,0,0,0,0,0,0,0,0,0,0,0,0,0,0,0,0,0,0,0,0,0,0,0,0,0,0,0,0,0,0,0,0,0,0,0,0,0,0,0,0,0,0,0,0,0,0,0,0,0,0,0,0,0,0,0,0,0,0,0,0,0,0,0,0,0,0,0,0,0,0,0,0,0,0,0,0,0,0,0,0,0],""GatewayId"":""8fdeec5a"",""BurstDataOffset"":396,""DataSize"":1002,""Type"":""burst"",""MeasurementId"":186,""MeasurementTimeInterval"":152}"
2024-04-02 10:25:23,"{""FragCount"":5,""ValueMapping"":4,""DataType"":19,""BurstId"":10,""SensorNodeId"":""13e5a6f7"",""Values"":[0,0,0,0,0,0,0,0,0,0,0,0,0,0,0,0,0,0,0,0,0,0,0,0,0,0,0,0,0,0,0,0,0,0,0,0,0,0,0,0,0,0,0,0,0,0,0,0,0,0,0,0,53,-53,88,-52,-36,0,0,0,0,0,0,0,0,0,0,0,0,0,0,0,0,0,0,0,0,0,0,0,0,0,0,0,0,0,0,0,0,0,0,0,0,0,0,0,0,0,0],""GatewayId"":""8fdeec5a"",""BurstDataOffset"":495,""DataSize"":1002,""Type"":""burst"",""MeasurementId"":186,""MeasurementTimeInterval"":152}"
2024-04-02 10:25:24,"{""FragCount"":6,""ValueMapping"":4,""DataType"":19,""BurstId"":10,""SensorNodeId"":""13e5a6f7"",""Values"":[0,0,0,0,0,0,0,0,0,0,0,0,0,0,0,0,0,0,0,0,0,0,0,0,0,0,0,0,0,4,8,-12,2,-2,0,0,0,0,0,0,0,0,0,0,0,0,0,0,0,0,0,0,0,9,30,-39,33,-33,2,-2,0,0,0,0,0,0,0,0,0,0,0,0,0,0,0,0,0,0,0,0,0,0,0,0,0,0,0,0,0,0,0,0,0,0,0,0,0,0,0],""GatewayId"":""8fdeec5a"",""BurstDataOffset"":594,""DataSize"":1002,""Type"":""burst"",""MeasurementId"":186,""MeasurementTimeInterval"":152}"
2024-04-02 10:25:24,"{""FragCount"":7,""ValueMapping"":4,""DataType"":19,""BurstId"":10,""SensorNodeId"":""13e5a6f7"",""Values"":[0,0,0,0,0,0,0,0,0,0,0,0,0,0,0,0,0,0,0,0,0,0,0,0,0,0,0,0,0,0,0,0,0,0,0,0,0,0,0,0,0,0,0,0,0,0,0,0,0,0,0,0,0,0,0,0,0,0,0,0,0,0,0,0,0,0,0,0,0,0,0,0,0,0,0,0,0,0,0,0,0,0,0,0,0,0,0,0,0,0,0,0,0,0,0,0,0,0,0],""GatewayId"":""8fdeec5a"",""BurstDataOffset"":693,""DataSize"":1002,""Type"":""burst"",""MeasurementId"":186,""MeasurementTimeInterval"":152}"
2024-04-02 10:25:25,"{""FragCount"":8,""ValueMapping"":4,""DataType"":19,""BurstId"":10,""SensorNodeId"":""13e5a6f7"",""Values"":[0,0,0,0,0,0,0,0,0,0,0,0,0,0,0,0,0,0,0,0,0,0,0,0,0,0,0,0,0,0,0,0,0,0,0,0,0,0,0,0,0,0,0,0,0,0,0,0,0,0,0,0,0,0,0,0,0,0,0,0,0,0,0,0,0,0,0,0,0,0,0,0,0,0,0,0,0,0,0,0,0,0,0,0,0,0,0,0,0,0,0,0,0,0,0,0,0,0,0],""GatewayId"":""8fdeec5a"",""BurstDataOffset"":792,""DataSize"":1002,""Type"":""burst"",""MeasurementId"":186,""MeasurementTimeInterval"":152}"
2024-04-02 10:25:25,"{""FragCount"":9,""ValueMapping"":4,""DataType"":19,""BurstId"":10,""SensorNodeId"":""13e5a6f7"",""Values"":[0,0,0,0,0,0,0,0,0,0,0,0,0,0,0,0,0,0,0,0,0,0,0,0,0,0,0,0,0,0,0,0,0,0,0,0,0,0,0,0,0,0,0,0,0,0,0,0,0,0,0,0,0,0,0,0,0,0,0,0,0,0,0,0,0,0,0,0,0,0,0,0,0,0,0,0,0,0,0,0,0,0,0,0,0,0,0,0,0,0,0,0,0,0,0,0,0,0,0],""GatewayId"":""8fdeec5a"",""BurstDataOffset"":891,""DataSize"":1002,""Type"":""burst"",""MeasurementId"":186,""MeasurementTimeInterval"":152}"
2024-04-02 10:25:25,"{""FragCount"":10,""ValueMapping"":4,""DataType"":19,""BurstId"":10,""SensorNodeId"":""13e5a6f7"",""Values"":[0,0,0,0,0,0,0,0,0,0,0,0],""GatewayId"":""8fdeec5a"",""BurstDataOffset"":990,""DataSize"":1002,""Type"":""burst"",""MeasurementId"":186,""MeasurementTimeInterval"":152}"
2024-04-02 10:25:26,"{""SourceAddress"":""16230115"",""SensorNodeId"":""13e5a6f7"",""Timestamp"":1712013923,""GatewayId"":""8fdeec5a"",""MeasDetails"":{""Id"":186},""Type"":""scalar""}"
2024-04-02 10:25:28,"{""Type"":""scalar"",""Vibration"":{""RMS"":{""Z"":32},""Kurtosis"":{""Z"":232},""P2P"":{""Z"":2},""Z2P"":{""Z"":1}},""Timestamp"":1712013925,""SensorNodeId"":""13e5a6f7"",""GatewayId"":""8fdeec5a"",""MeasDetails"":{""Id"":186},""SourceAddress"":""16230115""}"
2024-04-02 10:25:28,"{""SensorNodeId"":""13e5a6f7"",""Timestamp"":1712013925,""GatewayId"":""8fdeec5a"",""SourceAddress"":""16230115"",""BurstDetails"":{""DataType"":19,""MeasurementTimeInterval"":152,""BurstId"":11,""ValueMapping"":5},""MeasDetails"":{""Id"":186},""Type"":""scalar""}"
2024-04-02 10:25:28,"{""FragCount"":0,""ValueMapping"":5,""DataType"":19,""BurstId"":11,""SensorNodeId"":""13e5a6f7"",""Values"":[14,0,-14,17,-7,-10,3,0,-3,0,0,0,0,0,0,0,0,0,0,0,0,0,0,0,0,0,0,0,0,0,0,0,0,0,0,0,0,0,0,0,0,0,0,0,0,0,0,0,0,10,-10,22,-12,-10,0,0,0,0,0,0,0,0,0,0,0,0,0,0,0,0,0,0,0,0,0,0,0,0,0,0,0,0,0,0,0,0,0,0,0,0,0,0,0,0,0,0,0,0,0],""GatewayId"":""8fdeec5a"",""BurstDataOffset"":0,""DataSize"":1002,""Type"":""burst"",""MeasurementId"":186,""MeasurementTimeInterval"":152}"
2024-04-02 10:25:28,"{""FragCount"":1,""ValueMapping"":5,""DataType"":19,""BurstId"":11,""SensorNodeId"":""13e5a6f7"",""Values"":[0,0,8,-1,-7,0,0,0,0,0,0,0,0,0,0,0,0,0,0,0,0,0,0,0,0,0,0,0,0,0,0,0,0,0,0,0,0,0,0,0,0,0,0,0,0,0,0,0,0,0,0,0,0,0,0,0,0,0,0,0,0,0,0,0,0,0,0,0,0,0,0,0,0,0,0,0,0,0,0,0,0,0,0,0,0,0,0,0,0,0,0,0,0,0,0,0,0,0,0],""GatewayId"":""8fdeec5a"",""BurstDataOffset"":99,""DataSize"":1002,""Type"":""burst"",""MeasurementId"":186,""MeasurementTimeInterval"":152}"
2024-04-02 10:25:28,"{""FragCount"":2,""ValueMapping"":5,""DataType"":19,""BurstId"":11,""SensorNodeId"":""13e5a6f7"",""Values"":[0,0,0,0,0,0,0,0,0,0,0,0,0,0,0,0,0,0,0,0,0,0,0,0,0,0,0,0,0,0,0,0,0,0,0,0,0,0,0,0,0,0,0,0,0,0,0,0,0,0,0,0,0,0,0,0,0,0,0,0,0,0,0,0,0,0,0,0,0,0,0,0,0,0,0,0,0,0,0,0,0,0,0,0,0,0,0,0,0,0,0,0,0,0,0,0,0,0,0],""GatewayId"":""8fdeec5a"",""BurstDataOffset"":198,""DataSize"":1002,""Type"":""burst"",""MeasurementId"":186,""MeasurementTimeInterval"":152}"
2024-04-02 10:25:29,"{""FragCount"":3,""ValueMapping"":5,""DataType"":19,""BurstId"":11,""SensorNodeId"":""13e5a6f7"",""Values"":[0,0,0,0,0,0,0,0,0,0,0,0,0,0,0,0,0,0,0,0,0,0,0,0,0,0,0,0,0,0,0,0,0,0,0,0,0,0,0,0,0,0,0,0,0,0,0,0,0,0,0,0,0,0,0,0,0,0,0,0,0,0,0,0,0,0,0,0,0,0,0,0,0,0,0,0,0,0,0,0,0,0,0,0,0,0,0,0,0,0,0,0,0,0,0,0,0,0,0],""GatewayId"":""8fdeec5a"",""BurstDataOffset"":297,""DataSize"":1002,""Type"":""burst"",""MeasurementId"":186,""MeasurementTimeInterval"":152}"
2024-04-02 10:25:29,"{""FragCount"":4,""ValueMapping"":5,""DataType"":19,""BurstId"":11,""SensorNodeId"":""13e5a6f7"",""Values"":[0,0,0,0,0,0,0,0,0,0,0,0,0,0,0,0,0,0,0,0,0,0,0,0,0,0,0,0,0,1,-1,5,-5,0,0,0,0,0,0,0,0,0,0,0,0,0,0,0,0,0,0,0,0,0,0,0,0,0,0,0,0,0,0,0,0,0,0,0,0,0,0,0,0,0,0,0,0,0,0,0,0,0,0,0,0,0,0,0,0,0,0,0,0,0,0,0,0,0,0],""GatewayId"":""8fdeec5a"",""BurstDataOffset"":396,""DataSize"":1002,""Type"":""burst"",""MeasurementId"":186,""MeasurementTimeInterval"":152}"
2024-04-02 10:25:29,"{""FragCount"":5,""ValueMapping"":5,""DataType"":19,""BurstId"":11,""SensorNodeId"":""13e5a6f7"",""Values"":[0,0,0,0,0,0,0,0,0,0,0,0,0,0,0,0,0,0,0,0,0,0,0,0,0,0,0,0,0,0,0,0,0,0,0,0,0,0,0,0,0,0,0,0,0,0,0,0,0,0,0,0,19,-19,32,-19,-13,0,0,0,0,0,0,0,0,0,0,0,0,0,0,0,0,0,0,0,0,0,0,0,0,0,0,0,0,0,0,0,0,0,0,0,0,0,0,0,0,0,0],""GatewayId"":""8fdeec5a"",""BurstDataOffset"":495,""DataSize"":1002,""Type"":""burst"",""MeasurementId"":186,""MeasurementTimeInterval"":152}"
2024-04-02 10:25:30,"{""FragCount"":6,""ValueMapping"":5,""DataType"":19,""BurstId"":11,""SensorNodeId"":""13e5a6f7"",""Values"":[0,0,0,0,0,0,0,0,0,0,0,0,0,0,0,0,0,0,0,0,0,0,0,0,0,0,0,0,0,0,0,0,0,0,0,0,0,0,0,0,0,0,0,0,0,0,0,0,0,0,0,0,0,0,11,-11,10,-10,0,0,0,0,0,0,0,0,0,0,0,0,0,0,0,0,0,0,0,0,0,0,0,0,0,0,0,0,0,0,0,0,0,0,0,0,0,0,0,0,0],""GatewayId"":""8fdeec5a"",""BurstDataOffset"":594,""DataSize"":1002,""Type"":""burst"",""MeasurementId"":186,""MeasurementTimeInterval"":152}"
2024-04-02 10:25:30,"{""FragCount"":7,""ValueMapping"":5,""DataType"":19,""BurstId"":11,""SensorNodeId"":""13e5a6f7"",""Values"":[0,0,0,0,0,0,0,0,0,0,0,0,0,0,0,0,0,0,0,0,0,0,0,0,0,0,0,0,0,0,0,0,0,0,0,0,0,0,0,0,0,0,0,0,0,0,0,0,0,0,0,0,0,0,0,2,5,-7,1,-1,0,0,0,0,0,0,0,0,0,0,0,0,0,0,0,0,0,0,0,0,0,0,0,0,0,0,0,0,0,0,0,0,0,0,0,0,0,0,0],""GatewayId"":""8fdeec5a"",""BurstDataOffset"":693,""DataSize"":1002,""Type"":""burst"",""MeasurementId"":186,""MeasurementTimeInterval"":152}"
2024-04-02 10:25:31,"{""FragCount"":8,""ValueMapping"":5,""DataType"":19,""BurstId"":11,""SensorNodeId"":""13e5a6f7"",""Values"":[0,0,0,0,0,0,0,0,0,0,0,0,0,0,0,0,0,0,0,0,0,0,0,0,0,0,0,0,0,0,0,0,0,0,0,0,0,0,0,0,0,0,0,0,0,0,0,0,0,0,0,0,0,0,0,0,0,0,0,0,0,0,0,0,0,0,0,0,0,0,0,0,0,0,0,0,0,0,0,0,0,0,0,0,0,0,0,0,0,0,0,0,0,0,0,0,0,0,0],""GatewayId"":""8fdeec5a"",""BurstDataOffset"":792,""DataSize"":1002,""Type"":""burst"",""MeasurementId"":186,""MeasurementTimeInterval"":152}"
2024-04-02 10:25:31,"{""FragCount"":9,""ValueMapping"":5,""DataType"":19,""BurstId"":11,""SensorNodeId"":""13e5a6f7"",""Values"":[0,0,0,0,0,0,0,0,0,0,0,0,0,0,0,0,0,0,0,0,0,0,0,0,0,0,0,0,0,0,0,0,0,0,0,0,0,0,0,0,0,0,0,0,0,0,0,0,0,0,0,0,0,0,0,0,0,0,0,0,0,0,0,0,0,0,0,0,0,0,0,0,0,0,0,0,0,0,0,0,0,0,0,0,0,0,0,0,0,0,0,0,0,0,0,0,0,0,0],""GatewayId"":""8fdeec5a"",""BurstDataOffset"":891,""DataSize"":1002,""Type"":""burst"",""MeasurementId"":186,""MeasurementTimeInterval"":152}"
2024-04-02 10:25:31,"{""FragCount"":10,""ValueMapping"":5,""DataType"":19,""BurstId"":11,""SensorNodeId"":""13e5a6f7"",""Values"":[0,0,0,0,0,0,0,0,0,0,0,0],""GatewayId"":""8fdeec5a"",""BurstDataOffset"":990,""DataSize"":1002,""Type"":""burst"",""MeasurementId"":186,""MeasurementTimeInterval"":152}"
2024-04-02 10:25:32,"{""SourceAddress"":""16230115"",""SensorNodeId"":""13e5a6f7"",""Timestamp"":1712013930,""GatewayId"":""8fdeec5a"",""MeasDetails"":{""Id"":186},""Type"":""scalar""}"
2024-04-02 10:25:39,"{""Temperature"":30.45,""Vibration"":{""RMS"":{""X"":125},""Kurtosis"":{""X"":209},""P2P"":{""X"":6},""Z2P"":{""X"":3}},""Timestamp"":1712013937,""SensorNodeId"":""7f5e07aa"",""SourceAddress"":""11143005"",""GatewayId"":""8fdeec5a"",""MeasDetails"":{""FftSize"":4096,""FftWindow"":1,""G-range"":4,""Precision"":1,""BinSize"":1000,""ValueOffset"":0,""Trigger"":1,""Id"":19},""Type"":""scalar""}"
2024-04-02 10:25:39,"{""SensorNodeId"":""7f5e07aa"",""Timestamp"":1712013937,""GatewayId"":""8fdeec5a"",""SourceAddress"":""11143005"",""BurstDetails"":{""DataType"":19,""MeasurementTimeInterval"":149,""BurstId"":12,""ValueMapping"":3},""MeasDetails"":{""Id"":19},""Type"":""scalar""}"
2024-04-02 10:25:39,"{""FragCount"":0,""ValueMapping"":3,""DataType"":19,""BurstId"":12,""SensorNodeId"":""7f5e07aa"",""Values"":[4,0,-4,7,-7,0,0,0,0,0,0,0,0,0,0,0,0,0,0,0,0,0,0,0,0,0,0,0,0,0,0,0,0,0,0,0,0,0,0,0,0,0,0,0,0,0,0,0,0,0,3,-3,0,0,0,0,0,0,0,0,0,0,0,0,0,0,0,0,0,0,0,0,0,0,0,0,0,0,0,0,0,0,0,0,0,0,0,0,0,0,0,0,0,0,0,0,0,0,0],""GatewayId"":""8fdeec5a"",""BurstDataOffset"":0,""DataSize"":1004,""Type"":""burst"",""MeasurementId"":19,""MeasurementTimeInterval"":149}"
2024-04-02 10:25:39,"{""FragCount"":1,""ValueMapping"":3,""DataType"":19,""BurstId"":12,""SensorNodeId"":""7f5e07aa"",""Values"":[0,0,0,0,0,0,0,0,0,0,0,0,0,0,0,0,0,0,0,0,0,0,0,0,0,0,0,0,0,0,0,0,0,0,0,0,0,0,0,0,0,0,0,0,0,0,0,0,0,0,0,0,0,0,0,0,0,0,0,0,0,0,0,0,0,0,0,0,0,0,0,0,0,0,0,0,0,0,0,0,0,0,0,0,0,0,0,0,0,0,0,0,0,0,0,0,0,0,0],""GatewayId"":""8fdeec5a"",""BurstDataOffset"":99,""DataSize"":1004,""Type"":""burst"",""MeasurementId"":19,""MeasurementTimeInterval"":149}"
2024-04-02 10:25:40,"{""FragCount"":2,""ValueMapping"":3,""DataType"":19,""BurstId"":12,""SensorNodeId"":""7f5e07aa"",""Values"":[0,0,0,0,0,0,0,0,0,0,0,0,0,0,0,0,0,0,0,0,0,0,0,0,0,0,0,0,0,0,0,0,0,0,0,0,0,0,0,0,0,0,0,0,0,0,0,0,0,0,0,0,0,0,0,0,0,0,0,0,0,0,0,0,0,0,0,0,0,0,0,0,0,0,0,0,0,0,0,0,0,0,0,0,0,0,0,0,0,0,0,0,0,0,0,0,0,0,0],""GatewayId"":""8fdeec5a"",""BurstDataOffset"":198,""DataSize"":1004,""Type"":""burst"",""MeasurementId"":19,""MeasurementTimeInterval"":149}"
2024-04-02 10:25:40,"{""FragCount"":3,""ValueMapping"":3,""DataType"":19,""BurstId"":12,""SensorNodeId"":""7f5e07aa"",""Values"":[0,0,0,0,0,0,0,0,0,0,0,0,0,0,0,0,0,0,0,0,0,0,0,0,0,0,0,0,0,0,0,0,0,0,0,0,0,0,0,0,0,0,0,0,0,0,0,0,0,0,0,0,0,0,0,0,0,0,0,0,0,0,0,0,0,0,0,0,0,0,0,0,0,0,0,0,0,0,0,0,0,0,0,0,0,0,0,0,0,0,0,0,0,0,0,0,0,0,0],""GatewayId"":""8fdeec5a"",""BurstDataOffset"":297,""DataSize"":1004,""Type"":""burst"",""MeasurementId"":19,""MeasurementTimeInterval"":149}"
2024-04-02 10:25:40,"{""FragCount"":4,""ValueMapping"":3,""DataType"":19,""BurstId"":12,""SensorNodeId"":""7f5e07aa"",""Values"":[0,0,0,0,0,0,0,0,0,0,0,0,0,0,0,0,0,0,0,0,0,0,0,0,0,0,0,0,0,0,0,0,0,0,0,0,0,0,0,0,0,0,0,0,0,0,0,0,0,0,0,0,0,0,0,0,0,0,0,0,0,0,0,0,0,0,0,0,0,0,0,0,0,0,0,0,0,0,0,0,0,0,0,0,0,0,0,0,0,0,0,0,0,0,0,0,0,0,0],""GatewayId"":""8fdeec5a"",""BurstDataOffset"":396,""DataSize"":1004,""Type"":""burst"",""MeasurementId"":19,""MeasurementTimeInterval"":149}"
2024-04-02 10:25:41,"{""FragCount"":5,""ValueMapping"":3,""DataType"":19,""BurstId"":12,""SensorNodeId"":""7f5e07aa"",""Values"":[0,0,0,0,0,0,0,0,0,0,0,0,0,0,0,0,0,0,0,0,0,0,0,0,0,0,0,0,0,0,0,0,0,0,0,0,0,0,0,0,0,0,0,0,0,0,0,0,0,0,77,-77,-128,-122,0,-78,-56,0,0,0,0,0,0,0,0,0,0,0,0,0,0,0,0,0,0,0,0,41,46,-87,47,-43,-4,0,0,0,0,0,0,0,0,0,0,0,0,0,0,0,0],""GatewayId"":""8fdeec5a"",""BurstDataOffset"":495,""DataSize"":1004,""Type"":""burst"",""MeasurementId"":19,""MeasurementTimeInterval"":149}"
2024-04-02 10:25:41,"{""FragCount"":6,""ValueMapping"":3,""DataType"":19,""BurstId"":12,""SensorNodeId"":""7f5e07aa"",""Values"":[0,0,0,0,0,0,0,0,0,0,0,0,0,0,0,0,0,0,0,0,0,0,0,0,0,0,0,0,23,-23,39,-39,7,-7,0,0,0,0,0,0,0,0,0,0,0,0,0,0,0,0,0,0,0,40,-40,75,-43,-32,0,0,0,0,0,0,0,0,0,0,0,0,0,0,0,0,0,0,0,0,0,0,0,0,0,0,0,0,0,0,0,0,0,0,0,0,0,0,0,0,0],""GatewayId"":""8fdeec5a"",""BurstDataOffset"":594,""DataSize"":1004,""Type"":""burst"",""MeasurementId"":19,""MeasurementTimeInterval"":149}"
2024-04-02 10:25:42,"{""FragCount"":7,""ValueMapping"":3,""DataType"":19,""BurstId"":12,""SensorNodeId"":""7f5e07aa"",""Values"":[0,0,0,0,0,0,0,0,0,0,0,0,0,0,0,0,0,0,0,0,0,0,0,0,0,0,0,0,0,0,0,0,0,0,0,0,0,0,0,0,0,0,0,0,0,0,0,0,0,0,0,0,0,0,0,0,0,0,0,0,0,0,0,0,0,0,0,0,0,0,0,0,0,0,0,0,0,0,0,0,0,0,0,0,0,0,0,0,0,0,0,0,0,0,0,0,0,0,0],""GatewayId"":""8fdeec5a"",""BurstDataOffset"":693,""DataSize"":1004,""Type"":""burst"",""MeasurementId"":19,""MeasurementTimeInterval"":149}"
2024-04-02 10:25:42,"{""FragCount"":8,""ValueMapping"":3,""DataType"":19,""BurstId"":12,""SensorNodeId"":""7f5e07aa"",""Values"":[0,0,0,0,0,0,0,0,0,0,0,0,0,0,0,0,0,0,0,0,0,0,0,0,0,0,0,0,0,0,0,0,0,0,0,0,0,0,0,0,0,0,0,0,0,0,0,0,0,0,0,0,0,0,0,0,0,0,0,0,0,0,0,0,0,0,0,0,0,0,0,0,0,0,0,0,0,0,0,0,0,0,0,0,0,0,0,0,0,0,0,0,0,0,0,0,0,0,0],""GatewayId"":""8fdeec5a"",""BurstDataOffset"":792,""DataSize"":1004,""Type"":""burst"",""MeasurementId"":19,""MeasurementTimeInterval"":149}"
2024-04-02 10:25:42,"{""FragCount"":9,""ValueMapping"":3,""DataType"":19,""BurstId"":12,""SensorNodeId"":""7f5e07aa"",""Values"":[0,0,0,0,0,0,0,0,0,0,0,0,0,0,0,0,0,0,0,0,0,0,0,0,0,0,0,0,0,0,0,0,0,0,0,0,0,0,0,0,0,0,0,0,0,0,0,0,0,0,0,0,0,0,0,0,0,0,0,0,0,0,0,0,0,0,0,0,0,0,0,0,0,0,0,0,0,0,0,0,0,0,0,0,0,0,0,0,0,0,0,0,0,0,0,0,0,0,0],""GatewayId"":""8fdeec5a"",""BurstDataOffset"":891,""DataSize"":1004,""Type"":""burst"",""MeasurementId"":19,""MeasurementTimeInterval"":149}"
2024-04-02 10:25:43,"{""FragCount"":10,""ValueMapping"":3,""DataType"":19,""BurstId"":12,""SensorNodeId"":""7f5e07aa"",""Values"":[0,0,0,0,0,0,0,0,0,0,0,0,0,0],""GatewayId"":""8fdeec5a"",""BurstDataOffset"":990,""DataSize"":1004,""Type"":""burst"",""MeasurementId"":19,""MeasurementTimeInterval"":149}"
2024-04-02 10:25:43,"{""SourceAddress"":""11143005"",""SensorNodeId"":""7f5e07aa"",""Timestamp"":1712013941,""GatewayId"":""8fdeec5a"",""MeasDetails"":{""Id"":19},""Type"":""scalar""}"
2024-04-02 10:25:45,"{""Type"":""scalar"",""Vibration"":{""RMS"":{""Y"":26},""Kurtosis"":{""Y"":274},""P2P"":{""Y"":2},""Z2P"":{""Y"":1}},""Timestamp"":1712013943,""SensorNodeId"":""7f5e07aa"",""GatewayId"":""8fdeec5a"",""MeasDetails"":{""Id"":19},""SourceAddress"":""11143005""}"
2024-04-02 10:25:45,"{""SensorNodeId"":""7f5e07aa"",""Timestamp"":1712013943,""GatewayId"":""8fdeec5a"",""SourceAddress"":""11143005"",""BurstDetails"":{""DataType"":19,""MeasurementTimeInterval"":149,""BurstId"":13,""ValueMapping"":4},""MeasDetails"":{""Id"":19},""Type"":""scalar""}"
2024-04-02 10:25:45,"{""FragCount"":0,""ValueMapping"":4,""DataType"":19,""BurstId"":13,""SensorNodeId"":""7f5e07aa"",""Values"":[15,0,-15,16,-9,-7,1,-1,2,-2,0,1,-1,0,0,0,0,0,0,0,0,0,0,0,9,-9,21,-8,-13,0,0,0,0,0,0,0,0,0,0,0,0,0,0,0,0,0,0,0,0,7,17,-24,18,-18,0,0,0,0,0,0,0,0,0,0,0,0,0,0,0,0,0,0,0,0,0,0,0,0,0,0,0,0,0,0,0,0,0,0,0,0,0,0,0,0,0,0,0,0,0],""GatewayId"":""8fdeec5a"",""BurstDataOffset"":0,""DataSize"":1002,""Type"":""burst"",""MeasurementId"":19,""MeasurementTimeInterval"":149}"
2024-04-02 10:25:45,"{""FragCount"":1,""ValueMapping"":4,""DataType"":19,""BurstId"":13,""SensorNodeId"":""7f5e07aa"",""Values"":[0,0,0,0,0,0,0,0,0,0,0,0,0,0,0,0,0,0,0,0,0,0,0,0,0,0,0,0,0,0,0,0,0,0,0,0,0,0,0,0,0,0,0,0,0,0,0,0,0,0,0,0,0,0,0,0,0,0,0,0,0,0,0,0,0,0,0,0,0,0,0,0,0,0,0,0,0,0,0,0,0,0,0,0,0,0,0,0,0,0,0,0,0,0,0,0,0,0,0],""GatewayId"":""8fdeec5a"",""BurstDataOffset"":99,""DataSize"":1002,""Type"":""burst"",""MeasurementId"":19,""MeasurementTimeInterval"":149}"
2024-04-02 10:25:46,"{""FragCount"":2,""ValueMapping"":4,""DataType"":19,""BurstId"":13,""SensorNodeId"":""7f5e07aa"",""Values"":[0,0,0,10,-10,5,-5,0,0,0,0,0,0,0,0,0,0,0,0,0,0,0,0,0,0,0,0,0,0,0,0,0,0,0,0,0,0,0,0,0,0,0,0,0,0,0,0,0,0,0,0,0,0,0,0,0,0,0,0,0,0,0,0,0,0,0,0,0,0,0,0,0,0,0,0,0,0,0,0,0,0,0,0,0,0,0,0,0,0,0,0,0,0,0,0,0,0,0,0],""GatewayId"":""8fdeec5a"",""BurstDataOffset"":198,""DataSize"":1002,""Type"":""burst"",""MeasurementId"":19,""MeasurementTimeInterval"":149}"
2024-04-02 10:25:46,"{""FragCount"":3,""ValueMapping"":4,""DataType"":19,""BurstId"":13,""SensorNodeId"":""7f5e07aa"",""Values"":[0,0,0,0,0,0,0,0,0,0,0,0,0,0,0,0,0,0,0,0,0,0,0,0,0,0,0,0,0,0,0,0,0,0,0,0,0,0,0,0,0,0,0,0,0,0,0,0,0,0,0,0,0,0,0,0,0,0,0,0,0,0,0,0,0,0,0,0,0,0,0,0,0,0,0,0,0,0,0,0,0,0,0,0,0,0,0,0,0,0,0,0,0,0,0,0,0,0,0],""GatewayId"":""8fdeec5a"",""BurstDataOffset"":297,""DataSize"":1002,""Type"":""burst"",""MeasurementId"":19,""MeasurementTimeInterval"":149}"
2024-04-02 10:25:47,"{""FragCount"":4,""ValueMapping"":4,""DataType"":19,""BurstId"":13,""SensorNodeId"":""7f5e07aa"",""Values"":[0,0,0,0,0,0,0,0,0,0,0,0,0,0,0,0,0,0,0,0,0,0,0,0,0,0,0,0,0,0,0,0,0,0,0,0,0,0,0,0,0,0,0,0,0,0,0,0,0,0,0,0,0,0,0,0,0,0,0,0,0,0,0,0,0,0,0,0,0,0,0,0,0,0,0,0,0,0,0,0,0,0,0,0,0,0,0,0,0,0,0,0,0,0,0,0,0,0,0],""GatewayId"":""8fdeec5a"",""BurstDataOffset"":396,""DataSize"":1002,""Type"":""burst"",""MeasurementId"":19,""MeasurementTimeInterval"":149}"
2024-04-02 10:25:47,"{""FragCount"":5,""ValueMapping"":4,""DataType"":19,""BurstId"":13,""SensorNodeId"":""7f5e07aa"",""Values"":[0,0,0,0,0,0,0,0,0,0,0,0,0,0,0,0,0,0,0,0,0,0,0,0,0,0,0,0,0,0,0,0,0,0,0,0,0,0,0,0,0,0,0,0,0,0,0,0,0,0,6,-6,11,-10,-1,0,0,0,0,0,0,0,0,0,0,0,0,0,0,0,0,0,0,0,0,0,0,0,0,0,0,0,0,0,0,0,0,0,0,0,0,0,0,0,0,0,0,0,0],""GatewayId"":""8fdeec5a"",""BurstDataOffset"":495,""DataSize"":1002,""Type"":""burst"",""MeasurementId"":19,""MeasurementTimeInterval"":149}"
2024-04-02 10:25:47,"{""FragCount"":6,""ValueMapping"":4,""DataType"":19,""BurstId"":13,""SensorNodeId"":""7f5e07aa"",""Values"":[0,0,0,0,0,0,0,0,0,0,0,0,0,0,0,0,0,0,0,0,0,0,0,0,0,0,0,0,0,0,0,0,0,0,0,0,0,0,0,0,0,0,0,0,0,0,0,0,0,0,0,6,-6,13,-7,-6,0,0,0,0,0,0,0,0,0,0,0,0,0,0,0,0,0,0,0,0,0,0,0,0,0,0,0,0,0,0,0,0,0,0,0,0,0,0,0,0,0,0,0],""GatewayId"":""8fdeec5a"",""BurstDataOffset"":594,""DataSize"":1002,""Type"":""burst"",""MeasurementId"":19,""MeasurementTimeInterval"":149}"
2024-04-02 10:25:48,"{""FragCount"":7,""ValueMapping"":4,""DataType"":19,""BurstId"":13,""SensorNodeId"":""7f5e07aa"",""Values"":[0,0,0,0,0,0,0,0,0,0,0,0,0,0,0,0,0,0,0,0,0,0,0,0,0,0,0,0,0,0,0,0,0,0,0,0,0,0,0,0,0,0,0,0,0,0,0,0,0,0,0,0,0,0,0,0,0,0,0,0,0,0,0,0,0,0,0,0,0,0,0,0,0,0,0,0,0,0,0,0,0,0,0,0,0,0,0,0,0,0,0,0,0,0,0,0,0,0,0],""GatewayId"":""8fdeec5a"",""BurstDataOffset"":693,""DataSize"":1002,""Type"":""burst"",""MeasurementId"":19,""MeasurementTimeInterval"":149}"
2024-04-02 10:25:48,"{""FragCount"":8,""ValueMapping"":4,""DataType"":19,""BurstId"":13,""SensorNodeId"":""7f5e07aa"",""Values"":[0,0,0,0,0,0,0,0,0,0,0,0,0,0,0,0,0,0,0,0,0,0,0,0,0,0,0,0,0,0,0,0,0,0,0,0,0,0,0,0,0,0,0,0,0,0,0,0,0,0,0,0,0,0,0,0,0,0,0,0,0,0,0,0,0,0,0,0,0,0,0,0,0,0,0,0,0,0,0,0,0,0,0,0,0,0,0,0,0,0,0,0,0,0,0,0,0,0,0],""GatewayId"":""8fdeec5a"",""BurstDataOffset"":792,""DataSize"":1002,""Type"":""burst"",""MeasurementId"":19,""MeasurementTimeInterval"":149}"
2024-04-02 10:25:49,"{""FragCount"":9,""ValueMapping"":4,""DataType"":19,""BurstId"":13,""SensorNodeId"":""7f5e07aa"",""Values"":[0,0,0,0,0,0,0,0,0,0,0,0,0,0,0,0,0,0,0,0,0,0,0,0,0,0,0,0,0,0,0,0,0,0,0,0,0,0,0,0,0,0,0,0,0,0,0,0,0,0,0,0,0,0,0,0,0,0,0,0,0,0,0,0,0,0,0,0,0,0,0,0,0,0,0,0,0,0,0,0,0,0,0,0,0,0,0,0,0,0,0,0,0,0,0,0,0,0,0],""GatewayId"":""8fdeec5a"",""BurstDataOffset"":891,""DataSize"":1002,""Type"":""burst"",""MeasurementId"":19,""MeasurementTimeInterval"":149}"
2024-04-02 10:25:49,"{""FragCount"":10,""ValueMapping"":4,""DataType"":19,""BurstId"":13,""SensorNodeId"":""7f5e07aa"",""Values"":[0,0,0,0,0,0,0,0,0,0,0,0],""GatewayId"":""8fdeec5a"",""BurstDataOffset"":990,""DataSize"":1002,""Type"":""burst"",""MeasurementId"":19,""MeasurementTimeInterval"":149}"
2024-04-02 10:25:49,"{""SourceAddress"":""11143005"",""SensorNodeId"":""7f5e07aa"",""Timestamp"":1712013947,""GatewayId"":""8fdeec5a"",""MeasDetails"":{""Id"":19},""Type"":""scalar""}"
2024-04-02 10:25:51,"{""Type"":""scalar"",""Vibration"":{""RMS"":{""Z"":51},""Kurtosis"":{""Z"":203},""P2P"":{""Z"":3},""Z2P"":{""Z"":2}},""Timestamp"":1712013949,""SensorNodeId"":""7f5e07aa"",""GatewayId"":""8fdeec5a"",""MeasDetails"":{""Id"":19},""SourceAddress"":""11143005""}"
2024-04-02 10:25:51,"{""SensorNodeId"":""7f5e07aa"",""Timestamp"":1712013949,""GatewayId"":""8fdeec5a"",""SourceAddress"":""11143005"",""BurstDetails"":{""DataType"":19,""MeasurementTimeInterval"":149,""BurstId"":14,""ValueMapping"":5},""MeasDetails"":{""Id"":19},""Type"":""scalar""}"
2024-04-02 10:25:51,"{""FragCount"":0,""ValueMapping"":5,""DataType"":19,""BurstId"":14,""SensorNodeId"":""7f5e07aa"",""Values"":[10,0,-10,9,-5,-4,7,-7,4,-4,0,0,0,0,0,0,0,0,0,0,0,0,0,0,15,-15,38,-16,-22,0,0,0,0,0,0,0,0,0,0,0,0,0,0,0,0,0,0,0,0,0,12,-12,6,-6,0,0,0,0,0,0,0,0,0,0,0,0,0,0,0,0,0,0,0,0,0,0,0,0,0,0,0,0,0,0,0,0,0,0,0,0,0,0,0,0,0,0,0,0,0],""GatewayId"":""8fdeec5a"",""BurstDataOffset"":0,""DataSize"":1002,""Type"":""burst"",""MeasurementId"":19,""MeasurementTimeInterval"":149}"
2024-04-02 10:25:51,"{""FragCount"":1,""ValueMapping"":5,""DataType"":19,""BurstId"":14,""SensorNodeId"":""7f5e07aa"",""Values"":[0,0,0,0,0,0,0,0,0,0,0,0,0,0,0,0,0,0,0,0,0,0,0,0,0,0,0,0,0,0,0,0,0,0,0,0,0,0,0,0,0,0,0,0,0,0,0,0,0,0,0,0,0,0,0,0,0,0,0,0,0,0,0,0,0,0,0,0,0,0,0,0,0,0,0,0,0,0,0,0,0,0,0,0,0,0,0,0,0,0,0,0,0,0,0,0,0,0,0],""GatewayId"":""8fdeec5a"",""BurstDataOffset"":99,""DataSize"":1002,""Type"":""burst"",""MeasurementId"":19,""MeasurementTimeInterval"":149}"
2024-04-02 10:25:52,"{""FragCount"":2,""ValueMapping"":5,""DataType"":19,""BurstId"":14,""SensorNodeId"":""7f5e07aa"",""Values"":[0,0,0,0,0,0,0,0,0,0,0,0,0,0,0,0,0,0,0,0,0,0,0,0,0,0,0,0,0,0,0,0,0,0,0,0,0,0,0,0,0,0,0,0,0,0,0,0,0,0,0,0,0,0,0,0,0,0,0,0,0,0,0,0,0,0,0,0,0,0,0,0,0,0,0,0,0,0,0,0,0,0,0,0,0,0,0,0,0,0,0,0,0,0,0,0,0,0,0],""GatewayId"":""8fdeec5a"",""BurstDataOffset"":198,""DataSize"":1002,""Type"":""burst"",""MeasurementId"":19,""MeasurementTimeInterval"":149}"
2024-04-02 10:25:52,"{""FragCount"":3,""ValueMapping"":5,""DataType"":19,""BurstId"":14,""SensorNodeId"":""7f5e07aa"",""Values"":[0,0,0,0,0,0,0,0,0,0,0,0,0,0,0,0,0,0,0,0,0,0,0,0,0,0,0,0,0,0,0,0,0,0,0,0,0,0,0,0,0,0,0,0,0,0,0,0,0,0,0,0,0,0,0,0,0,0,0,0,0,0,0,0,0,0,0,0,0,0,0,0,0,0,0,0,0,0,0,0,0,0,0,0,0,0,0,0,0,0,0,0,0,0,0,0,0,0,0],""GatewayId"":""8fdeec5a"",""BurstDataOffset"":297,""DataSize"":1002,""Type"":""burst"",""MeasurementId"":19,""MeasurementTimeInterval"":149}"
2024-04-02 10:25:53,"{""FragCount"":4,""ValueMapping"":5,""DataType"":19,""BurstId"":14,""SensorNodeId"":""7f5e07aa"",""Values"":[0,0,0,0,0,0,0,0,0,0,0,0,0,0,0,0,0,0,0,0,0,0,0,0,0,0,0,0,0,0,0,0,0,0,0,0,0,0,0,0,0,0,0,0,0,0,0,0,0,0,0,0,0,0,0,0,0,0,0,0,0,0,0,0,0,0,0,0,0,0,0,0,0,0,0,0,0,0,0,0,0,0,0,0,0,0,0,0,0,0,0,0,0,0,0,0,0,0,0],""GatewayId"":""8fdeec5a"",""BurstDataOffset"":396,""DataSize"":1002,""Type"":""burst"",""MeasurementId"":19,""MeasurementTimeInterval"":149}"
2024-04-02 10:25:53,"{""FragCount"":5,""ValueMapping"":5,""DataType"":19,""BurstId"":14,""SensorNodeId"":""7f5e07aa"",""Values"":[0,0,0,0,0,0,0,0,0,0,0,0,0,0,0,0,0,0,0,0,0,0,0,0,0,0,0,0,0,0,0,0,0,0,0,0,0,0,0,0,0,0,0,0,0,0,0,0,0,0,14,-14,25,-15,-10,0,0,0,0,0,0,0,0,0,0,0,0,0,0,0,0,0,0,0,0,0,0,0,0,0,0,0,0,0,0,0,0,0,0,0,0,0,0,0,0,0,0,0,0],""GatewayId"":""8fdeec5a"",""BurstDataOffset"":495,""DataSize"":1002,""Type"":""burst"",""MeasurementId"":19,""MeasurementTimeInterval"":149}"
2024-04-02 10:25:53,"{""FragCount"":6,""ValueMapping"":5,""DataType"":19,""BurstId"":14,""SensorNodeId"":""7f5e07aa"",""Values"":[0,0,0,0,0,0,0,0,0,0,0,0,0,0,0,0,0,0,0,0,0,0,0,0,0,0,5,-5,12,-12,0,0,0,0,0,0,0,0,0,0,0,0,0,0,0,0,0,0,0,0,0,28,-28,52,-29,-23,0,0,0,0,0,0,0,0,0,0,0,0,0,0,0,0,0,0,0,0,0,0,0,0,0,0,0,0,0,0,0,0,0,0,0,0,0,0,0,0,0,0,0],""GatewayId"":""8fdeec5a"",""BurstDataOffset"":594,""DataSize"":1002,""Type"":""burst"",""MeasurementId"":19,""MeasurementTimeInterval"":149}"
2024-04-02 10:25:54,"{""FragCount"":7,""ValueMapping"":5,""DataType"":19,""BurstId"":14,""SensorNodeId"":""7f5e07aa"",""Values"":[0,0,0,0,0,0,0,0,0,0,0,0,0,0,0,0,0,0,0,0,0,0,0,0,0,0,0,0,0,0,0,0,0,0,0,0,0,0,0,0,0,0,0,0,0,0,0,0,0,0,0,0,0,0,0,0,0,0,0,0,0,0,0,0,0,0,0,0,0,0,0,0,0,0,0,0,0,0,0,0,0,0,0,0,0,0,0,0,0,0,0,0,0,0,0,0,0,0,0],""GatewayId"":""8fdeec5a"",""BurstDataOffset"":693,""DataSize"":1002,""Type"":""burst"",""MeasurementId"":19,""MeasurementTimeInterval"":149}"
2024-04-02 10:25:54,"{""FragCount"":8,""ValueMapping"":5,""DataType"":19,""BurstId"":14,""SensorNodeId"":""7f5e07aa"",""Values"":[0,0,0,0,0,0,0,0,0,0,0,0,0,0,0,0,0,0,0,0,0,0,0,0,0,0,0,0,0,0,0,0,0,0,0,0,0,0,0,0,0,0,0,0,0,0,0,0,0,0,0,0,0,0,0,0,0,0,0,0,0,0,0,0,0,0,0,0,0,0,0,0,0,0,0,0,0,0,0,0,0,0,0,0,0,0,0,0,0,0,0,0,0,0,0,0,0,0,0],""GatewayId"":""8fdeec5a"",""BurstDataOffset"":792,""DataSize"":1002,""Type"":""burst"",""MeasurementId"":19,""MeasurementTimeInterval"":149}"
2024-04-02 10:25:55,"{""FragCount"":9,""ValueMapping"":5,""DataType"":19,""BurstId"":14,""SensorNodeId"":""7f5e07aa"",""Values"":[0,0,0,0,0,0,0,0,0,0,0,0,0,0,0,0,0,0,0,0,0,0,0,0,0,0,0,0,0,0,0,0,0,0,0,0,0,0,0,0,0,0,0,0,0,0,0,0,0,0,0,0,0,0,0,0,0,0,0,0,0,0,0,0,0,0,0,0,0,0,0,0,0,0,0,0,0,0,0,0,0,0,0,0,0,0,0,0,0,0,0,0,0,0,0,0,0,0,0],""GatewayId"":""8fdeec5a"",""BurstDataOffset"":891,""DataSize"":1002,""Type"":""burst"",""MeasurementId"":19,""MeasurementTimeInterval"":149}"
2024-04-02 10:25:55,"{""FragCount"":10,""ValueMapping"":5,""DataType"":19,""BurstId"":14,""SensorNodeId"":""7f5e07aa"",""Values"":[0,0,0,0,0,0,0,0,0,0,0,0],""GatewayId"":""8fdeec5a"",""BurstDataOffset"":990,""DataSize"":1002,""Type"":""burst"",""MeasurementId"":19,""MeasurementTimeInterval"":149}"
2024-04-02 10:25:55,"{""SourceAddress"":""11143005"",""SensorNodeId"":""7f5e07aa"",""Timestamp"":1712013953,""GatewayId"":""8fdeec5a"",""MeasDetails"":{""Id"":19},""Type"":""scalar""}"
